             f;      Abs(Zm);     Std(Abs);      Phi(Zm);     Std(Phi);       Re(Zm);       Im(Zm);     Time [s]
4.5000000e+004;     774.9329;       0.0042;    -2.582738;     0.000002;    -657.0367;    -410.8817;   3732009487
4.0000000e+004;     755.8104;       0.0016;    -2.552728;     0.000006;    -628.5108;    -419.7899;   3732009488
3.0000000e+004;     711.0470;       0.0035;    -2.465083;     0.000004;    -554.4479;    -445.1690;   3732009489
2.0000000e+004;     648.0769;       0.0018;    -2.295438;     0.000006;    -429.5887;    -485.2393;   3732009489
1.0000000e+004;     549.4585;       0.0041;    -1.878949;     0.000015;    -166.6502;    -523.5765;   3732009490
9.0000000e+003;     537.1291;       0.0025;    -1.801781;     0.000007;    -122.9681;    -522.8638;   3732009491
8.0000000e+003;     525.2298;       0.0020;    -1.714220;     0.000005;     -75.0723;    -519.8369;   3732009492
7.0000000e+003;     513.5753;       0.0032;    -1.610917;     0.000010;     -20.5995;    -513.1620;   3732009493
6.0000000e+003;     503.6188;       0.0020;    -1.491590;     0.000012;      39.8483;    -502.0399;   3732009494
5.0000000e+003;     496.2177;       0.0020;    -1.350766;     0.000004;     108.3043;    -484.2543;   3732009495
4.0000000e+003;     492.8296;       0.0016;    -1.179246;     0.000005;     188.0744;    -455.5316;   3732009495
3.0000000e+003;     497.3043;       0.0026;    -0.975525;     0.000009;     278.8553;    -411.7660;   3732009496
2.0000000e+003;     513.5978;       0.0015;    -0.727655;     0.000010;     383.5221;    -341.6044;   3732009497
1.0000000e+003;     546.7932;       0.0025;    -0.420882;     0.000006;     499.0739;    -223.4011;   3732009498
9.0000000e+002;     551.1626;       0.0024;    -0.385922;     0.000002;     510.6256;    -207.4651;   3732009499
8.0000000e+002;     555.7230;       0.0013;    -0.349871;     0.000005;     522.0556;    -190.4890;   3732009500
7.0000000e+002;     560.4851;       0.0007;    -0.312857;     0.000001;     533.2782;    -172.5048;   3732009501
6.0000000e+002;     565.4036;       0.0013;    -0.275058;     0.000001;     544.1498;    -153.5651;   3732009501
5.0000000e+002;     570.5130;       0.0018;    -0.235683;     0.000003;     554.7412;    -133.2189;   3732009502
4.0000000e+002;     575.8315;       0.0010;    -0.195085;     0.000001;     564.9086;    -111.6252;   3732009503
3.0000000e+002;     581.3763;       0.0005;    -0.153341;     0.000004;     574.5546;     -88.7998;   3732009504
2.0000000e+002;     587.3863;       0.0029;    -0.110023;     0.000003;     583.8347;     -64.4957;   3732009505
1.0000000e+002;     594.6960;       0.0021;    -0.064174;     0.000005;     593.4718;     -38.1379;   3732009506
9.0000000e+001;     595.6464;       0.0008;    -0.059411;     0.000002;     594.5955;     -35.3670;   3732009507
8.0000000e+001;     596.6617;       0.0010;    -0.054612;     0.000002;     595.7722;     -32.5687;   3732009507
7.0000000e+001;     597.7825;       0.0024;    -0.049716;     0.000005;     597.0439;     -29.7071;   3732009508
6.0000000e+001;     598.9843;       0.0030;    -0.044728;     0.000002;     598.3852;     -26.7822;   3732009509
5.0000000e+001;     600.0492;       0.0007;    -0.039720;     0.000002;     599.5760;     -23.8276;   3732009510
4.0000000e+001;     601.6328;       0.0016;    -0.034575;     0.000003;     601.2732;     -20.7972;   3732009511
3.0000000e+001;     603.5308;       0.0005;    -0.029266;     0.000001;     603.2724;     -17.6606;   3732009512
2.0000000e+001;     605.9545;       0.0026;    -0.023718;     0.000002;     605.7841;     -14.3704;   3732009513
1.0000000e+001;     609.5999;       0.0021;    -0.017752;     0.000002;     609.5039;     -10.8208;   3732009514
9.0000000e+000;     610.1410;       0.0037;    -0.017123;     0.000001;     610.0516;     -10.4470;   3732009515
8.0000000e+000;     610.7106;       0.0005;    -0.016501;     0.000003;     610.6275;     -10.0769;   3732009517
7.0000000e+000;     611.3536;       0.0009;    -0.015869;     0.000001;     611.2766;      -9.7010;   3732009518
6.0000000e+000;     612.0898;       0.0025;    -0.015237;     0.000002;     612.0187;      -9.3259;   3732009519
5.0000000e+000;     612.9252;       0.0037;    -0.014605;     0.000002;     612.8598;      -8.9513;   3732009521
4.0000000e+000;     613.9409;       0.0042;    -0.013977;     0.000001;     613.8810;      -8.5807;   3732009522
3.0000000e+000;     615.2501;       0.0006;    -0.013424;     0.000002;     615.1947;      -8.2589;   3732009524
2.0000000e+000;     617.0500;       0.0053;    -0.013011;     0.000004;     616.9977;      -8.0279;   3732009527
1.0000000e+000;     620.3030;       0.0130;    -0.013179;     0.000011;     620.2491;      -8.1748;   3732009530
9.0000000e-001;     620.8703;       0.0084;    -0.013299;     0.000001;     620.8154;      -8.2565;   3732009535
8.0000000e-001;     621.5145;       0.0080;    -0.013429;     0.000001;     621.4585;      -8.3460;   3732009539
7.0000000e-001;     622.2509;       0.0058;    -0.013604;     0.000005;     622.1933;      -8.4651;   3732009544
6.0000000e-001;     623.1241;       0.0106;    -0.013821;     0.000008;     623.0646;      -8.6117;   3732009550
5.0000000e-001;     624.2085;       0.0079;    -0.014106;     0.000015;     624.1464;      -8.8046;   3732009557
4.0000000e-001;     625.5595;       0.0082;    -0.014486;     0.000020;     625.4939;      -9.0615;   3732009566
3.0000000e-001;     627.4399;       0.0155;    -0.014946;     0.000025;     627.3698;      -9.3774;   3732009577
2.0000000e-001;     630.2388;       0.0213;    -0.015565;     0.000027;     630.1625;      -9.8090;   3732009593
1.0000000e-001;     635.4277;       0.1132;    -0.015720;     0.000153;     635.3492;      -9.9887;   3732009623
9.0000000e-002;     636.5691;       0.0599;    -0.015737;     0.000038;     636.4903;     -10.0174;   3732009658
8.0000000e-002;     637.7787;       0.0595;    -0.015605;     0.000019;     637.7011;      -9.9522;   3732009696
7.0000000e-002;     639.1117;       0.0555;    -0.015417;     0.000007;     639.0358;      -9.8526;   3732009740
6.0000000e-002;     640.6190;       0.0897;    -0.015133;     0.000005;     640.5457;      -9.6940;   3732009791
5.0000000e-002;     642.3738;       0.1043;    -0.014685;     0.000018;     642.3046;      -9.4330;   3732009852
4.0000000e-002;     644.4288;       0.1392;    -0.013957;     0.000013;     644.3661;      -8.9943;   3732009928
3.0000000e-002;     646.9690;       0.2090;    -0.012748;     0.000023;     646.9164;      -8.2476;   3732010029
2.0000000e-002;     650.4574;       0.3397;    -0.010888;     0.000070;     650.4189;      -7.0824;   3732010180
1.0000000e-002;     655.1072;       0.5071;    -0.007246;     0.000070;     655.0900;      -4.7471;   3732010480
1.0000000e-002;     657.2572;       0.3759;    -0.007279;     0.000092;     657.2397;      -4.7844;   3732010781
2.0000000e-002;     655.8461;       0.0753;    -0.011138;     0.000080;     655.8054;      -7.3047;   3732010932
3.0000000e-002;     654.1091;       0.0409;    -0.013104;     0.000087;     654.0529;      -8.5712;   3732011033
4.0000000e-002;     652.6899;       0.0667;    -0.014207;     0.000091;     652.6240;      -9.2727;   3732011109
5.0000000e-002;     651.5817;       0.0797;    -0.014916;     0.000084;     651.5092;      -9.7189;   3732011170
6.0000000e-002;     650.6238;       0.0649;    -0.015362;     0.000057;     650.5470;      -9.9947;   3732011221
7.0000000e-002;     649.7987;       0.0785;    -0.015611;     0.000039;     649.7196;     -10.1437;   3732011265
8.0000000e-002;     649.0587;       0.0611;    -0.015762;     0.000013;     648.9781;     -10.2302;   3732011303
9.0000000e-002;     648.4220;       0.0501;    -0.015808;     0.000008;     648.3410;     -10.2500;   3732011337
1.0000000e-001;     647.8424;       0.0235;    -0.015878;     0.000010;     647.7607;     -10.2857;   3732011368
2.0000000e-001;     642.7802;       0.0368;    -0.015765;     0.000152;     642.7003;     -10.1327;   3732011384
3.0000000e-001;     640.0926;       0.0317;    -0.014998;     0.000046;     640.0206;      -9.5998;   3732011395
4.0000000e-001;     638.3091;       0.0151;    -0.014572;     0.000016;     638.2413;      -9.3010;   3732011404
5.0000000e-001;     637.0279;       0.0088;    -0.014195;     0.000002;     636.9637;      -9.0424;   3732011411
6.0000000e-001;     636.0449;       0.0055;    -0.013908;     0.000006;     635.9833;      -8.8458;   3732011416
7.0000000e-001;     635.2246;       0.0054;    -0.013697;     0.000006;     635.1650;      -8.7005;   3732011422
8.0000000e-001;     634.5425;       0.0023;    -0.013537;     0.000003;     634.4844;      -8.5897;   3732011426
9.0000000e-001;     633.9592;       0.0008;    -0.013417;     0.000006;     633.9022;      -8.5055;   3732011431
1.0000000e+000;     633.4432;       0.0024;    -0.013318;     0.000000;     633.3870;      -8.4361;   3732011434
2.0000000e+000;     630.1581;       0.0021;    -0.013262;     0.000001;     630.1027;      -8.3572;   3732011437
3.0000000e+000;     628.3419;       0.0028;    -0.013775;     0.000002;     628.2823;      -8.6550;   3732011439
4.0000000e+000;     627.0616;       0.0018;    -0.014455;     0.000002;     626.9961;      -9.0642;   3732011440
5.0000000e+000;     626.0502;       0.0007;    -0.015174;     0.000001;     625.9781;      -9.4995;   3732011442
6.0000000e+000;     625.2057;       0.0018;    -0.015905;     0.000002;     625.1266;      -9.9433;   3732011443
7.0000000e+000;     624.4682;       0.0016;    -0.016636;     0.000001;     624.3818;     -10.3882;   3732011444
8.0000000e+000;     623.8238;       0.0016;    -0.017368;     0.000001;     623.7297;     -10.8340;   3732011446
9.0000000e+000;     623.2327;       0.0018;    -0.018100;     0.000002;     623.1306;     -11.2798;   3732011447
1.0000000e+001;     622.7037;       0.0033;    -0.018810;     0.000001;     622.5935;     -11.7124;   3732011448
2.0000000e+001;     618.8779;       0.0038;    -0.025606;     0.000003;     618.6750;     -15.8454;   3732011449
3.0000000e+001;     616.3161;       0.0011;    -0.031952;     0.000001;     616.0015;     -19.6891;   3732011450
4.0000000e+001;     614.3045;       0.0002;    -0.038005;     0.000001;     613.8609;     -23.3411;   3732011451
5.0000000e+001;     612.5968;       0.0014;    -0.043923;     0.000000;     612.0059;     -26.8985;   3732011452
6.0000000e+001;     611.4477;       0.0014;    -0.049683;     0.000002;     610.6933;     -30.3658;   3732011453
7.0000000e+001;     610.1627;       0.0030;    -0.055341;     0.000008;     609.2286;     -33.7501;   3732011453
8.0000000e+001;     608.9861;       0.0024;    -0.060928;     0.000002;     607.8561;     -37.0814;   3732011454
9.0000000e+001;     607.8848;       0.0015;    -0.066391;     0.000002;     606.5456;     -40.3282;   3732011455
1.0000000e+002;     606.8414;       0.0017;    -0.071844;     0.000005;     605.2760;     -43.5603;   3732011456
2.0000000e+002;     598.8033;       0.0007;    -0.124254;     0.000003;     594.1867;     -74.2127;   3732011457
3.0000000e+002;     592.1063;       0.0025;    -0.174043;     0.000003;     583.1612;    -102.5327;   3732011458
4.0000000e+002;     585.9330;       0.0031;    -0.221801;     0.000001;     571.5793;    -128.8976;   3732011459
5.0000000e+002;     580.0564;       0.0013;    -0.267985;     0.000006;     559.3521;    -153.5923;   3732011460
6.0000000e+002;     574.4580;       0.0022;    -0.312401;     0.000005;     546.6533;    -176.5565;   3732011460
7.0000000e+002;     569.0744;       0.0011;    -0.355713;     0.000003;     533.4494;    -198.1853;   3732011461
8.0000000e+002;     563.9504;       0.0012;    -0.397401;     0.000003;     520.0018;    -218.2617;   3732011462
9.0000000e+002;     559.0362;       0.0009;    -0.438177;     0.000005;     506.2221;    -237.1933;   3732011463
1.0000000e+003;     554.3963;       0.0010;    -0.477879;     0.000005;     492.2886;    -254.9650;   3732011464
2.0000000e+003;     521.4094;       0.0001;    -0.823061;     0.000006;     354.5480;    -382.3134;   3732011465
3.0000000e+003;     508.7870;       0.0015;    -1.096247;     0.000005;     232.4837;    -452.5655;   3732011466
4.0000000e+003;     509.0684;       0.0016;    -1.315466;     0.000015;     128.5729;    -492.5644;   3732011466
5.0000000e+003;     516.6549;       0.0025;    -1.493158;     0.000010;      40.0718;    -515.0986;   3732011467
6.0000000e+003;     527.9755;       0.0002;    -1.638195;     0.000005;     -35.5581;    -526.7768;   3732011468
7.0000000e+003;     541.1100;       0.0009;    -1.758503;     0.000006;    -100.9747;    -531.6053;   3732011469
8.0000000e+003;     554.4585;       0.0022;    -1.857643;     0.000006;    -156.8725;    -531.8038;   3732011470
9.0000000e+003;     567.9171;       0.0028;    -1.942163;     0.000013;    -206.0910;    -529.2035;   3732011471
1.0000000e+004;     580.8674;       0.0015;    -2.014050;     0.000007;    -249.1228;    -524.7330;   3732011472
2.0000000e+004;     677.6523;       0.0035;    -2.395981;     0.000001;    -497.8529;    -459.7338;   3732011472
3.0000000e+004;     735.1591;       0.0030;    -2.542870;     0.000009;    -607.2829;    -414.3264;   3732011473
4.0000000e+004;     776.2640;       0.0053;    -2.617243;     0.000004;    -671.9728;    -388.6366;   3732011474
4.5000000e+004;     793.7629;       0.0019;    -2.641820;     0.000002;    -696.6791;    -380.3916;   3732011475

             f;     Abs(Z12);     Phi(Z12);     Abs(Z34);     Phi(Z34);     Abs(Z14);     Phi(Z14);     Time [s]
4.5000000e+004;    1844.1691;     0.218967;     722.2533;    -0.039099;    1865.1970;    -0.020654;   3732009487
4.0000000e+004;    1820.1766;     0.226321;     723.2805;    -0.036986;    1868.4232;    -0.020393;   3732009488
3.0000000e+004;    1758.3309;     0.248123;     725.8403;    -0.032645;    1875.8534;    -0.019747;   3732009489
2.0000000e+004;    1653.8387;     0.288268;     729.4850;    -0.028115;    1885.5414;    -0.018867;   3732009489
1.0000000e+004;    1425.0513;     0.364104;     735.6106;    -0.023351;    1900.6804;    -0.017507;   3732009490
9.0000000e+003;    1385.2498;     0.374510;     736.5296;    -0.022860;    1902.8886;    -0.017318;   3732009491
8.0000000e+003;    1340.9718;     0.385090;     737.5517;    -0.022372;    1905.3389;    -0.017116;   3732009492
7.0000000e+003;    1289.4996;     0.395742;     738.7082;    -0.021889;    1908.0392;    -0.016896;   3732009493
6.0000000e+003;    1231.1386;     0.405853;     740.0258;    -0.021409;    1911.0978;    -0.016654;   3732009494
5.0000000e+003;    1163.1748;     0.414468;     741.5808;    -0.020948;    1914.6692;    -0.016387;   3732009495
4.0000000e+003;    1080.9050;     0.419148;     743.4855;    -0.020524;    1918.9893;    -0.016093;   3732009495
3.0000000e+003;     982.9890;     0.415156;     745.9113;    -0.020186;    1924.3415;    -0.015773;   3732009496
2.0000000e+003;     863.0068;     0.388360;     749.3560;    -0.020082;    1931.6974;    -0.015456;   3732009497
1.0000000e+003;     720.3789;     0.294728;     755.4000;    -0.020859;    1943.8566;    -0.015383;   3732009498
9.0000000e+002;     705.6729;     0.277585;     756.3611;    -0.021085;    1945.7102;    -0.015436;   3732009499
8.0000000e+002;     691.1058;     0.258179;     757.4463;    -0.021370;    1947.7635;    -0.015516;   3732009500
7.0000000e+002;     676.9079;     0.236348;     758.6988;    -0.021736;    1950.1257;    -0.015638;   3732009501
6.0000000e+002;     663.3125;     0.211986;     760.1754;    -0.022208;    1952.8462;    -0.015815;   3732009501
5.0000000e+002;     650.3352;     0.184271;     761.9629;    -0.022854;    1956.0833;    -0.016089;   3732009502
4.0000000e+002;     638.3962;     0.153182;     764.2362;    -0.023755;    1960.1175;    -0.016514;   3732009503
3.0000000e+002;     627.9357;     0.118472;     767.2989;    -0.025108;    1965.4372;    -0.017221;   3732009504
2.0000000e+002;     619.4354;     0.079222;     771.8736;    -0.027423;    1973.2508;    -0.018568;   3732009505
1.0000000e+002;     614.0195;     0.032362;     780.4205;    -0.032901;    1987.6537;    -0.022109;   3732009506
9.0000000e+001;     613.8892;     0.026861;     781.8184;    -0.033975;    1990.1491;    -0.022833;   3732009507
8.0000000e+001;     613.8687;     0.021088;     783.4036;    -0.035278;    1992.9809;    -0.023713;   3732009507
7.0000000e+001;     613.9558;     0.014905;     785.2304;    -0.036911;    1996.2416;    -0.024816;   3732009508
6.0000000e+001;     614.2060;     0.008145;     787.3805;    -0.038998;    2000.0413;    -0.026241;   3732009509
5.0000000e+001;     614.3006;     0.000667;     789.9535;    -0.041833;    2003.9342;    -0.028175;   3732009510
4.0000000e+001;     615.3298;    -0.008113;     793.3287;    -0.045929;    2010.0379;    -0.030956;   3732009511
3.0000000e+001;     617.0604;    -0.019256;     797.9864;    -0.052410;    2018.3704;    -0.035355;   3732009512
2.0000000e+001;     620.3737;    -0.035348;     805.4747;    -0.064595;    2031.4845;    -0.043474;   3732009513
1.0000000e+001;     629.2462;    -0.067840;     822.4004;    -0.095818;    2060.1738;    -0.064192;   3732009514
9.0000000e+000;     631.2816;    -0.074405;     825.4417;    -0.101259;    2065.6054;    -0.068224;   3732009515
8.0000000e+000;     633.5258;    -0.081263;     829.2864;    -0.108444;    2072.0059;    -0.073065;   3732009517
7.0000000e+000;     636.4631;    -0.089992;     833.8843;    -0.116769;    2079.8499;    -0.078958;   3732009518
6.0000000e+000;     640.2568;    -0.100847;     839.6663;    -0.127038;    2089.7036;    -0.086324;   3732009519
5.0000000e+000;     645.1332;    -0.114201;     847.3889;    -0.140594;    2102.4687;    -0.095849;   3732009521
4.0000000e+000;     651.6104;    -0.131124;     858.3045;    -0.159295;    2119.8415;    -0.108676;   3732009522
3.0000000e+000;     663.2449;    -0.159927;     873.4307;    -0.182213;    2146.2712;    -0.127143;   3732009524
2.0000000e+000;     680.1128;    -0.198577;     901.6642;    -0.222758;    2189.9051;    -0.156532;   3732009527
1.0000000e+000;     723.5530;    -0.283533;     960.2782;    -0.287624;    2287.3200;    -0.212764;   3732009530
9.0000000e-001;     735.4946;    -0.302358;     967.4431;    -0.296080;    2305.3098;    -0.222869;   3732009535
8.0000000e-001;     748.4963;    -0.320963;     978.1087;    -0.305776;    2327.7151;    -0.233646;   3732009539
7.0000000e-001;     760.6438;    -0.337844;     991.1561;    -0.316659;    2351.6467;    -0.244481;   3732009544
6.0000000e-001;     772.8528;    -0.354407;    1007.0330;    -0.327486;    2378.5152;    -0.255336;   3732009550
5.0000000e-001;     794.1817;    -0.375931;    1025.6228;    -0.337552;    2416.9009;    -0.268017;   3732009557
4.0000000e-001;     811.6234;    -0.396044;    1052.0783;    -0.347262;    2459.5027;    -0.280217;   3732009566
3.0000000e-001;     844.3212;    -0.420529;    1087.8203;    -0.355496;    2526.5040;    -0.294228;   3732009577
2.0000000e-001;     893.5181;    -0.446438;    1144.6658;    -0.361720;    2631.4677;    -0.309169;   3732009593
1.0000000e-001;     982.4576;    -0.497394;    1255.9238;    -0.352488;    2828.6389;    -0.328409;   3732009623
9.0000000e-002;     994.1063;    -0.504843;    1265.7663;    -0.350676;    2849.8396;    -0.330815;   3732009658
8.0000000e-002;    1010.7383;    -0.513871;    1287.4562;    -0.340629;    2887.6016;    -0.330435;   3732009696
7.0000000e-002;    1032.2126;    -0.523140;    1313.0017;    -0.329552;    2933.7692;    -0.329926;   3732009740
6.0000000e-002;    1061.0696;    -0.532744;    1344.5295;    -0.319943;    2992.9232;    -0.330581;   3732009791
5.0000000e-002;    1099.7235;    -0.542030;    1380.9764;    -0.305358;    3066.3577;    -0.329411;   3732009852
4.0000000e-002;    1150.4946;    -0.547897;    1425.7339;    -0.283175;    3160.0266;    -0.324203;   3732009928
3.0000000e-002;    1220.2220;    -0.541478;    1481.9022;    -0.255059;    3285.9516;    -0.312760;   3732010029
2.0000000e-002;    1321.7898;    -0.510745;    1549.7729;    -0.206349;    3459.4087;    -0.284428;   3732010180
1.0000000e-002;    1489.0860;    -0.427967;    1633.6019;    -0.127128;    3723.9402;    -0.224734;   3732010480
1.0000000e-002;    1479.6360;    -0.432568;    1622.5364;    -0.126841;    3704.3444;    -0.226065;   3732010781
2.0000000e-002;    1281.0451;    -0.516428;    1517.2175;    -0.188876;    3388.6363;    -0.276394;   3732010932
3.0000000e-002;    1174.5294;    -0.533832;    1451.7180;    -0.224702;    3217.6196;    -0.293113;   3732011033
4.0000000e-002;    1103.3313;    -0.525241;    1403.6938;    -0.249537;    3103.5956;    -0.297297;   3732011109
5.0000000e-002;    1050.5323;    -0.511838;    1364.6560;    -0.266766;    3016.2438;    -0.297443;   3732011170
6.0000000e-002;    1010.1358;    -0.499358;    1331.8539;    -0.278086;    2946.1318;    -0.295982;   3732011221
7.0000000e-002;     979.5226;    -0.488508;    1305.4962;    -0.287195;    2891.2992;    -0.294648;   3732011265
8.0000000e-002;     955.3959;    -0.478915;    1282.5869;    -0.294663;    2845.7919;    -0.293382;   3732011303
9.0000000e-002;     936.1195;    -0.470150;    1263.4475;    -0.299804;    2808.5604;    -0.291619;   3732011337
1.0000000e-001;     920.9994;    -0.461883;    1246.7064;    -0.304030;    2777.6656;    -0.289872;   3732011368
2.0000000e-001;     822.8750;    -0.385432;    1125.9578;    -0.316106;    2564.3225;    -0.264153;   3732011384
3.0000000e-001;     789.2756;    -0.347772;    1070.4414;    -0.308898;    2476.6066;    -0.246372;   3732011395
4.0000000e-001;     758.0837;    -0.306828;    1044.4075;    -0.296071;    2421.5486;    -0.226156;   3732011404
5.0000000e-001;     732.9170;    -0.264614;    1023.4588;    -0.282503;    2377.4695;    -0.205882;   3732011411
6.0000000e-001;     724.9941;    -0.253554;    1000.5446;    -0.268493;    2347.2399;    -0.195570;   3732011416
7.0000000e-001;     710.4016;    -0.225834;     987.8981;    -0.257706;    2321.0369;    -0.181760;   3732011422
8.0000000e-001;     703.9375;    -0.213262;     973.5213;    -0.245671;    2300.8114;    -0.172244;   3732011426
9.0000000e-001;     698.3751;    -0.202307;     961.7406;    -0.234504;    2283.9994;    -0.163734;   3732011431
1.0000000e+000;     691.6254;    -0.187832;     953.4492;    -0.225805;    2269.4090;    -0.155312;   3732011434
2.0000000e+000;     659.4040;    -0.110100;     904.1927;    -0.163609;    2189.5444;    -0.104360;   3732011437
3.0000000e+000;     649.1305;    -0.083389;     882.0771;    -0.132491;    2156.9645;    -0.083198;   3732011439
4.0000000e+000;     644.1764;    -0.070621;     868.2764;    -0.112202;    2137.7753;    -0.071039;   3732011440
5.0000000e+000;     640.2901;    -0.059443;     860.4164;    -0.100686;    2125.4260;    -0.063099;   3732011442
6.0000000e+000;     637.7101;    -0.051882;     854.3389;    -0.091739;    2116.2032;    -0.057342;   3732011443
7.0000000e+000;     635.8075;    -0.046140;     849.5909;    -0.084815;    2109.0089;    -0.052981;   3732011444
8.0000000e+000;     634.2922;    -0.041358;     845.8556;    -0.079436;    2103.2496;    -0.049553;   3732011446
9.0000000e+000;     633.0438;    -0.037229;     842.8306;    -0.075144;    2098.4828;    -0.046773;   3732011447
1.0000000e+001;     632.0616;    -0.033926;     840.1315;    -0.071372;    2094.3527;    -0.044450;   3732011448
2.0000000e+001;     626.9656;    -0.013300;     825.1108;    -0.052020;    2070.6669;    -0.032404;   3732011449
3.0000000e+001;     625.0744;    -0.001657;     817.8813;    -0.044468;    2058.9393;    -0.027728;   3732011450
4.0000000e+001;     624.1727;     0.007159;     813.1152;    -0.040252;    2051.1232;    -0.025156;   3732011451
5.0000000e+001;     623.7254;     0.014777;     809.6058;    -0.037537;    2045.2636;    -0.023503;   3732011452
6.0000000e+001;     624.0961;     0.021639;     806.9005;    -0.035584;    2041.5416;    -0.022323;   3732011453
7.0000000e+001;     624.2091;     0.028046;     804.6461;    -0.034110;    2037.8386;    -0.021439;   3732011453
8.0000000e+001;     624.4468;     0.034130;     802.7283;    -0.032925;    2034.6702;    -0.020741;   3732011454
9.0000000e+001;     624.7597;     0.039921;     801.0593;    -0.031948;    2031.8714;    -0.020171;   3732011455
1.0000000e+002;     625.1642;     0.045564;     799.6052;    -0.031130;    2029.4029;    -0.019698;   3732011456
2.0000000e+002;     633.0949;     0.095754;     790.6652;    -0.026495;    2015.0669;    -0.017187;   3732011457
3.0000000e+002;     644.3611;     0.138896;     786.0032;    -0.024360;    2007.3492;    -0.016174;   3732011458
4.0000000e+002;     657.8144;     0.176743;     782.9392;    -0.023084;    2002.1214;    -0.015639;   3732011459
5.0000000e+002;     672.8850;     0.210092;     780.6819;    -0.022240;    1998.1650;    -0.015326;   3732011460
6.0000000e+002;     689.0083;     0.239165;     778.9096;    -0.021645;    1995.0054;    -0.015136;   3732011460
7.0000000e+002;     705.9958;     0.264773;     777.4545;    -0.021209;    1992.3469;    -0.015018;   3732011461
8.0000000e+002;     723.3593;     0.286937;     776.2214;    -0.020886;    1990.0613;    -0.014950;   3732011462
9.0000000e+002;     741.1184;     0.306402;     775.1515;    -0.020634;    1988.0304;    -0.014911;   3732011463
1.0000000e+003;     759.0257;     0.323387;     774.2070;    -0.020441;    1986.2355;    -0.014896;   3732011464
2.0000000e+003;     927.3205;     0.407652;     768.1502;    -0.019876;    1974.1038;    -0.015167;   3732011465
3.0000000e+003;    1063.5630;     0.423738;     764.6663;    -0.020118;    1966.7338;    -0.015581;   3732011466
4.0000000e+003;    1171.9003;     0.419127;     762.1787;    -0.020555;    1961.3066;    -0.015964;   3732011466
5.0000000e+003;    1259.6765;     0.407471;     760.2317;    -0.021053;    1956.9367;    -0.016305;   3732011467
6.0000000e+003;    1331.9603;     0.393503;     758.6316;    -0.021568;    1953.3271;    -0.016603;   3732011468
7.0000000e+003;    1392.7126;     0.379107;     757.2672;    -0.022095;    1950.2089;    -0.016873;   3732011469
8.0000000e+003;    1443.3886;     0.365263;     756.0780;    -0.022616;    1947.4652;    -0.017116;   3732011470
9.0000000e+003;    1487.2333;     0.352137;     755.0211;    -0.023135;    1944.9937;    -0.017336;   3732011471
1.0000000e+004;    1525.0072;     0.339946;     754.0663;    -0.023654;    1942.7663;    -0.017540;   3732011472
2.0000000e+004;    1735.2650;     0.259054;     747.6637;    -0.028553;    1927.2171;    -0.018973;   3732011472
3.0000000e+004;    1825.2980;     0.221420;     743.8630;    -0.033147;    1917.2868;    -0.019882;   3732011473
4.0000000e+004;    1878.8113;     0.202152;     741.2038;    -0.037541;    1909.6645;    -0.020545;   3732011474
4.5000000e+004;    1899.4715;     0.196082;     740.1454;    -0.039691;    1906.3692;    -0.020821;   3732011475

             f;          Ug1;          Ug2;          Ug3;          Ug4;     Time [s];
4.5000000e+004;     0.007700;    -0.093124;    -0.139252;     0.000598;   3732009487
4.0000000e+004;     0.007723;    -0.093189;    -0.139304;     0.000574;   3732009488
3.0000000e+004;     0.007773;    -0.093234;    -0.139353;     0.000551;   3732009489
2.0000000e+004;     0.007804;    -0.093278;    -0.139392;     0.000540;   3732009489
1.0000000e+004;     0.007802;    -0.093337;    -0.139447;     0.000520;   3732009490
9.0000000e+003;     0.007799;    -0.093391;    -0.139496;     0.000497;   3732009491
8.0000000e+003;     0.007778;    -0.093434;    -0.139544;     0.000489;   3732009492
7.0000000e+003;     0.007781;    -0.093479;    -0.139602;     0.000485;   3732009493
6.0000000e+003;     0.007747;    -0.093530;    -0.139657;     0.000475;   3732009494
5.0000000e+003;     0.007733;    -0.093561;    -0.139701;     0.000469;   3732009495
4.0000000e+003;     0.007715;    -0.093589;    -0.139742;     0.000476;   3732009495
3.0000000e+003;     0.007681;    -0.093622;    -0.139801;     0.000458;   3732009496
2.0000000e+003;     0.007661;    -0.093631;    -0.139855;     0.000458;   3732009497
1.0000000e+003;     0.007634;    -0.093664;    -0.139913;     0.000429;   3732009498
9.0000000e+002;     0.007626;    -0.093659;    -0.139958;     0.000437;   3732009499
8.0000000e+002;     0.007611;    -0.093687;    -0.140004;     0.000434;   3732009500
7.0000000e+002;     0.007601;    -0.093701;    -0.140050;     0.000438;   3732009501
6.0000000e+002;     0.007606;    -0.093701;    -0.140087;     0.000447;   3732009501
5.0000000e+002;     0.007582;    -0.093734;    -0.140138;     0.000449;   3732009502
4.0000000e+002;     0.007569;    -0.093770;    -0.140176;     0.000419;   3732009503
3.0000000e+002;     0.007549;    -0.093758;    -0.140215;     0.000490;   3732009504
2.0000000e+002;     0.007553;    -0.093855;    -0.140259;     0.000346;   3732009505
1.0000000e+002;     0.007510;    -0.093725;    -0.140351;     0.000656;   3732009506
9.0000000e+001;     0.007508;    -0.093732;    -0.140335;     0.000616;   3732009507
8.0000000e+001;     0.007502;    -0.093806;    -0.140335;     0.000502;   3732009507
7.0000000e+001;     0.007498;    -0.093746;    -0.140337;     0.000610;   3732009508
6.0000000e+001;     0.007511;    -0.093955;    -0.140359;     0.000351;   3732009509
5.0000000e+001;     0.007428;    -0.094209;    -0.140764;     0.000260;   3732009510
4.0000000e+001;     0.007437;    -0.094352;    -0.140799;     0.000142;   3732009511
3.0000000e+001;     0.007444;    -0.094802;    -0.140976;    -0.000254;   3732009512
2.0000000e+001;     0.007339;    -0.094470;    -0.141395;     0.000987;   3732009513
1.0000000e+001;     0.007103;    -0.094551;    -0.143210;     0.003792;   3732009514
9.0000000e+000;     0.007289;    -0.096822;    -0.143891;     0.001154;   3732009515
8.0000000e+000;     0.007224;    -0.097229;    -0.144722;     0.001827;   3732009517
7.0000000e+000;     0.007289;    -0.098956;    -0.145889;     0.000869;   3732009518
6.0000000e+000;     0.007365;    -0.101305;    -0.147574;    -0.000246;   3732009519
5.0000000e+000;     0.007317;    -0.103178;    -0.149783;     0.000263;   3732009521
4.0000000e+000;     0.007060;    -0.104077;    -0.152626;     0.003334;   3732009522
3.0000000e+000;     0.007501;    -0.114303;    -0.159337;    -0.002329;   3732009524
2.0000000e+000;     0.006791;    -0.117240;    -0.167709;     0.006347;   3732009527
1.0000000e+000;     0.006421;    -0.138752;    -0.191694;     0.010240;   3732009530
9.0000000e-001;     0.006885;    -0.154874;    -0.204103;     0.004080;   3732009535
8.0000000e-001;     0.007217;    -0.170404;    -0.217055;    -0.000231;   3732009539
7.0000000e-001;     0.007084;    -0.179317;    -0.226867;     0.000940;   3732009544
6.0000000e-001;     0.006646;    -0.182695;    -0.233266;     0.005550;   3732009550
5.0000000e-001;     0.007265;    -0.204097;    -0.249842;    -0.002503;   3732009557
4.0000000e-001;     0.006395;    -0.202112;    -0.254058;     0.007101;   3732009566
3.0000000e-001;     0.006895;    -0.222356;    -0.270361;     0.000229;   3732009577
2.0000000e-001;     0.007450;    -0.261957;    -0.305182;    -0.007866;   3732009593
1.0000000e-001;     0.006626;    -0.283586;    -0.331334;    -0.001684;   3732009623
9.0000000e-002;     0.006747;    -0.288318;    -0.334517;    -0.005645;   3732009658
8.0000000e-002;     0.006780;    -0.281752;    -0.326527;    -0.009022;   3732009696
7.0000000e-002;     0.006879;    -0.276591;    -0.319640;    -0.012794;   3732009740
6.0000000e-002;     0.007024;    -0.278381;    -0.319541;    -0.017061;   3732009791
5.0000000e-002;     0.007335;    -0.284851;    -0.322335;    -0.023432;   3732009852
4.0000000e-002;     0.007812;    -0.289905;    -0.322570;    -0.031088;   3732009928
3.0000000e-002;     0.008258;    -0.289430;    -0.318627;    -0.036392;   3732010029
2.0000000e-002;     0.008725;    -0.279537;    -0.304636;    -0.041613;   3732010180
1.0000000e-002;     0.009390;    -0.269106;    -0.288379;    -0.048542;   3732010480
1.0000000e-002;     0.009591;    -0.258924;    -0.275192;    -0.049067;   3732010781
2.0000000e-002;     0.009388;    -0.241164;    -0.257717;    -0.045642;   3732010932
3.0000000e-002;     0.009331;    -0.235486;    -0.250934;    -0.046091;   3732011033
4.0000000e-002;     0.008915;    -0.217299;    -0.235355;    -0.041263;   3732011109
5.0000000e-002;     0.008456;    -0.194437;    -0.216280;    -0.034820;   3732011170
6.0000000e-002;     0.008035;    -0.172340;    -0.197233;    -0.029382;   3732011221
7.0000000e-002;     0.007687;    -0.155233;    -0.182694;    -0.024789;   3732011265
8.0000000e-002;     0.007448;    -0.141618;    -0.170890;    -0.021491;   3732011303
9.0000000e-002;     0.007304;    -0.131906;    -0.162073;    -0.019658;   3732011337
1.0000000e-001;     0.007237;    -0.125697;    -0.156343;    -0.019096;   3732011368
2.0000000e-001;     0.006934;    -0.088523;    -0.124452;    -0.011763;   3732011384
3.0000000e-001;     0.007345;    -0.092960;    -0.126816;    -0.015012;   3732011395
4.0000000e-001;     0.006166;    -0.078961;    -0.122303;    -0.000279;   3732011404
5.0000000e-001;     0.005159;    -0.059680;    -0.110749;     0.011303;   3732011411
6.0000000e-001;     0.006043;    -0.066403;    -0.110050;    -0.000417;   3732011416
7.0000000e-001;     0.005327;    -0.054804;    -0.103880;     0.007946;   3732011422
8.0000000e-001;     0.005653;    -0.054492;    -0.100870;     0.003530;   3732011426
9.0000000e-001;     0.005895;    -0.054422;    -0.098794;     0.000237;   3732011431
1.0000000e+000;     0.005640;    -0.049297;    -0.095395;     0.002891;   3732011434
2.0000000e+000;     0.004728;    -0.022846;    -0.076309;     0.014261;   3732011437
3.0000000e+000;     0.004861;    -0.017017;    -0.069345;     0.012322;   3732011439
4.0000000e+000;     0.005561;    -0.018126;    -0.064711;     0.003084;   3732011440
5.0000000e+000;     0.005420;    -0.015613;    -0.063548;     0.005246;   3732011442
6.0000000e+000;     0.005475;    -0.014870;    -0.062300;     0.004408;   3732011443
7.0000000e+000;     0.005555;    -0.014771;    -0.061499;     0.003276;   3732011444
8.0000000e+000;     0.005578;    -0.014590;    -0.061173;     0.003029;   3732011446
9.0000000e+000;     0.005529;    -0.014157;    -0.061100;     0.003570;   3732011447
1.0000000e+001;     0.005623;    -0.014373;    -0.060776;     0.002697;   3732011448
2.0000000e+001;     0.005640;    -0.013530;    -0.060015;     0.002736;   3732011449
3.0000000e+001;     0.005573;    -0.013103;    -0.060112;     0.003499;   3732011450
4.0000000e+001;     0.005622;    -0.013275;    -0.060076;     0.003084;   3732011451
5.0000000e+001;     0.005590;    -0.013409;    -0.060227;     0.003018;   3732011452
6.0000000e+001;     0.005723;    -0.013602;    -0.060098;     0.002767;   3732011453
7.0000000e+001;     0.005731;    -0.013746;    -0.060252;     0.002744;   3732011453
8.0000000e+001;     0.005721;    -0.013948;    -0.060408;     0.002606;   3732011454
9.0000000e+001;     0.005748;    -0.014174;    -0.060550;     0.002431;   3732011455
1.0000000e+002;     0.005696;    -0.014373;    -0.060777;     0.002430;   3732011456
2.0000000e+002;     0.005717;    -0.014483;    -0.060912;     0.002482;   3732011457
3.0000000e+002;     0.005709;    -0.014652;    -0.061076;     0.002459;   3732011458
4.0000000e+002;     0.005721;    -0.014871;    -0.061221;     0.002333;   3732011459
5.0000000e+002;     0.005746;    -0.015067;    -0.061384;     0.002253;   3732011460
6.0000000e+002;     0.005741;    -0.015260;    -0.061574;     0.002230;   3732011460
7.0000000e+002;     0.005745;    -0.015460;    -0.061757;     0.002198;   3732011461
8.0000000e+002;     0.005752;    -0.015659;    -0.061945;     0.002171;   3732011462
9.0000000e+002;     0.005743;    -0.015853;    -0.062139;     0.002139;   3732011463
1.0000000e+003;     0.005744;    -0.016063;    -0.062328;     0.002107;   3732011464
2.0000000e+003;     0.005759;    -0.016273;    -0.062504;     0.002062;   3732011465
3.0000000e+003;     0.005800;    -0.016443;    -0.062684;     0.002072;   3732011466
4.0000000e+003;     0.005828;    -0.016616;    -0.062868;     0.002066;   3732011466
5.0000000e+003;     0.005814;    -0.016819;    -0.063076;     0.002029;   3732011467
6.0000000e+003;     0.005830;    -0.017015;    -0.063268;     0.002013;   3732011468
7.0000000e+003;     0.005831;    -0.017191;    -0.063470;     0.001999;   3732011469
8.0000000e+003;     0.005848;    -0.017380;    -0.063654;     0.001994;   3732011470
9.0000000e+003;     0.005861;    -0.017563;    -0.063857;     0.001976;   3732011471
1.0000000e+004;     0.005858;    -0.017759;    -0.064054;     0.001960;   3732011472
2.0000000e+004;     0.005828;    -0.017943;    -0.064278;     0.001942;   3732011472
3.0000000e+004;     0.005802;    -0.018143;    -0.064495;     0.001925;   3732011473
4.0000000e+004;     0.005716;    -0.018387;    -0.064736;     0.001902;   3732011474
4.5000000e+004;     0.005683;    -0.018583;    -0.064948;     0.001892;   3732011475

             f;          Us1;          Us2;          Us3;          Us4;     Time [s];
4.5000000e+004;     4.830664;     1.944117;     2.903310;     1.685991;   3732009487
4.0000000e+004;     4.835039;     1.994338;     2.904450;     1.685628;   3732009488
3.0000000e+004;     4.842180;     2.125452;     2.905622;     1.683770;   3732009489
2.0000000e+004;     4.846531;     2.343353;     2.904669;     1.679634;   3732009489
1.0000000e+004;     4.848870;     2.774351;     2.901210;     1.671679;   3732009490
9.0000000e+003;     4.849856;     2.842755;     2.901134;     1.670747;   3732009491
8.0000000e+003;     4.850325;     2.916424;     2.900679;     1.669499;   3732009492
7.0000000e+003;     4.851892;     2.999619;     2.900856;     1.668488;   3732009493
6.0000000e+003;     4.854217;     3.091049;     2.901398;     1.667533;   3732009494
5.0000000e+003;     4.856139;     3.192615;     2.901585;     1.666148;   3732009495
4.0000000e+003;     4.858156;     3.308832;     2.901667;     1.664373;   3732009495
3.0000000e+003;     4.859598;     3.438585;     2.901249;     1.661819;   3732009496
2.0000000e+003;     4.857807;     3.583130;     2.898609;     1.657037;   3732009497
1.0000000e+003;     4.855337;     3.739036;     2.895124;     1.649354;   3732009498
9.0000000e+002;     4.855210;     3.754454;     2.894808;     1.648274;   3732009499
8.0000000e+002;     4.855179;     3.769731;     2.894557;     1.647116;   3732009500
7.0000000e+002;     4.855151;     3.784626;     2.894279;     1.645788;   3732009501
6.0000000e+002;     4.855171;     3.799005;     2.894047;     1.644280;   3732009501
5.0000000e+002;     4.855218;     3.812893;     2.893834;     1.642497;   3732009502
4.0000000e+002;     4.855360;     3.826093;     2.893693;     1.640309;   3732009503
3.0000000e+002;     4.855557;     3.838325;     2.893618;     1.637437;   3732009504
2.0000000e+002;     4.855837;     3.849500;     2.893622;     1.633237;   3732009505
1.0000000e+002;     4.856419;     3.859670;     2.893838;     1.625584;   3732009506
9.0000000e+001;     4.855120;     3.859396;     2.892904;     1.623799;   3732009507
8.0000000e+001;     4.853905;     3.859145;     2.891995;     1.621864;   3732009507
7.0000000e+001;     4.852830;     3.858993;     2.891142;     1.619750;   3732009508
6.0000000e+001;     4.851676;     3.858715;     2.890237;     1.617327;   3732009509
5.0000000e+001;     4.857101;     3.863979;     2.893830;     1.617056;   3732009510
4.0000000e+001;     4.854679;     3.862250;     2.891889;     1.613001;   3732009511
3.0000000e+001;     4.852514;     3.860365;     2.889971;     1.607883;   3732009512
2.0000000e+001;     4.850644;     3.857808;     2.888034;     1.600423;   3732009513
1.0000000e+001;     4.849322;     3.852112;     2.885903;     1.585374;   3732009514
9.0000000e+000;     4.849168;     3.850606;     2.885289;     1.582607;   3732009515
8.0000000e+000;     4.848973;     3.849049;     2.884900;     1.579364;   3732009517
7.0000000e+000;     4.848769;     3.846916;     2.884272;     1.575429;   3732009518
6.0000000e+000;     4.848489;     3.844095;     2.883453;     1.570521;   3732009519
5.0000000e+000;     4.848165;     3.840560;     2.882688;     1.564249;   3732009521
4.0000000e+000;     4.847867;     3.836138;     2.882192;     1.555883;   3732009522
3.0000000e+000;     4.847659;     3.827433;     2.879641;     1.543467;   3732009524
2.0000000e+000;     4.847943;     3.817050;     2.879832;     1.523791;   3732009527
1.0000000e+000;     4.850728;     3.790508;     2.876475;     1.482681;   3732009530
9.0000000e-001;     4.851921;     3.781596;     2.871488;     1.475638;   3732009535
8.0000000e-001;     4.852504;     3.772238;     2.867277;     1.466609;   3732009539
7.0000000e-001;     4.853204;     3.764583;     2.865035;     1.457105;   3732009544
6.0000000e-001;     4.854007;     3.758020;     2.864408;     1.446534;   3732009550
5.0000000e-001;     4.855179;     3.743807;     2.858585;     1.431550;   3732009557
4.0000000e-001;     4.856704;     3.736885;     2.860592;     1.415263;   3732009566
3.0000000e-001;     4.858815;     3.718853;     2.856402;     1.389989;   3732009577
2.0000000e-001;     4.861833;     3.693320;     2.851785;     1.351662;   3732009593
1.0000000e-001;     4.867319;     3.659594;     2.853665;     1.284616;   3732009623
9.0000000e-002;     4.867818;     3.654586;     2.851451;     1.277814;   3732009658
8.0000000e-002;     4.868700;     3.650943;     2.853592;     1.265515;   3732009696
7.0000000e-002;     4.869741;     3.644794;     2.854611;     1.250789;   3732009740
6.0000000e-002;     4.871058;     3.634372;     2.853573;     1.232515;   3732009791
5.0000000e-002;     4.872632;     3.618760;     2.849293;     1.210408;   3732009852
4.0000000e-002;     4.874688;     3.597486;     2.842058;     1.183100;   3732009928
3.0000000e-002;     4.877408;     3.563964;     2.826973;     1.148004;   3732010029
2.0000000e-002;     4.880782;     3.509374;     2.796170;     1.102222;   3732010180
1.0000000e-002;     4.885387;     3.408868;     2.729905;     1.038545;   3732010480
1.0000000e-002;     4.884964;     3.413740;     2.729710;     1.042847;   3732010781
2.0000000e-002;     4.879503;     3.536688;     2.805634;     1.119356;   3732010932
3.0000000e-002;     4.875819;     3.596834;     2.839065;     1.165089;   3732011033
4.0000000e-002;     4.873127;     3.632193;     2.856074;     1.197246;   3732011109
5.0000000e-002;     4.871020;     3.657491;     2.866695;     1.222914;   3732011170
6.0000000e-002;     4.869314;     3.676936;     2.873919;     1.244226;   3732011221
7.0000000e-002;     4.867865;     3.691459;     2.878713;     1.261386;   3732011265
8.0000000e-002;     4.866697;     3.702472;     2.881500;     1.275996;   3732011303
9.0000000e-002;     4.865673;     3.711191;     2.883377;     1.288137;   3732011337
1.0000000e-001;     4.864717;     3.717277;     2.883766;     1.298344;   3732011368
2.0000000e-001;     4.858558;     3.756771;     2.882158;     1.372759;   3732011384
3.0000000e-001;     4.855858;     3.767730;     2.875284;     1.405451;   3732011395
4.0000000e-001;     4.854014;     3.787733;     2.883842;     1.426192;   3732011404
5.0000000e-001;     4.852394;     3.804389;     2.890894;     1.443058;   3732011411
6.0000000e-001;     4.851369;     3.805464;     2.884974;     1.455187;   3732011416
7.0000000e-001;     4.850593;     3.815837;     2.889420;     1.465655;   3732011422
8.0000000e-001;     4.849994;     3.818143;     2.886952;     1.473947;   3732011426
9.0000000e-001;     4.849608;     3.820483;     2.885278;     1.480939;   3732011431
1.0000000e+000;     4.848545;     3.824400;     2.885923;     1.486808;   3732011434
2.0000000e+000;     4.846461;     3.844266;     2.887121;     1.521266;   3732011437
3.0000000e+000;     4.846571;     3.849721;     2.885212;     1.536350;   3732011439
4.0000000e+000;     4.847066;     3.851740;     2.883074;     1.545593;   3732011440
5.0000000e+000;     4.847534;     3.854184;     2.883118;     1.551671;   3732011442
6.0000000e+000;     4.847987;     3.855628;     2.882878;     1.556293;   3732011443
7.0000000e+000;     4.848321;     3.856577;     2.882637;     1.559920;   3732011444
8.0000000e+000;     4.848621;     3.857353;     2.882541;     1.562852;   3732011446
9.0000000e+000;     4.848871;     3.857992;     2.882547;     1.565292;   3732011447
1.0000000e+001;     4.849095;     3.858399;     2.882432;     1.567417;   3732011448
2.0000000e+001;     4.850635;     3.860168;     2.882436;     1.579850;   3732011449
3.0000000e+001;     4.852474;     3.860999;     2.883290;     1.586460;   3732011450
4.0000000e+001;     4.854724;     3.861878;     2.884519;     1.591238;   3732011451
5.0000000e+001;     4.857116;     3.862814;     2.885947;     1.595071;   3732011452
6.0000000e+001;     4.851749;     3.857000;     2.882005;     1.595249;   3732011453
7.0000000e+001;     4.852861;     3.856784;     2.882603;     1.597553;   3732011453
8.0000000e+001;     4.853985;     3.856580;     2.883233;     1.599586;   3732011454
9.0000000e+001;     4.855193;     3.856466;     2.883956;     1.601457;   3732011455
1.0000000e+002;     4.856394;     3.856338;     2.884701;     1.603155;   3732011456
2.0000000e+002;     4.855883;     3.843633;     2.883781;     1.610591;   3732011457
3.0000000e+002;     4.855614;     3.829990;     2.883523;     1.614629;   3732011458
4.0000000e+002;     4.855430;     3.815222;     2.883496;     1.617377;   3732011459
5.0000000e+002;     4.855342;     3.799431;     2.883603;     1.619480;   3732011460
6.0000000e+002;     4.855281;     3.782854;     2.883744;     1.621167;   3732011460
7.0000000e+002;     4.855260;     3.765542;     2.883938;     1.622599;   3732011461
8.0000000e+002;     4.855322;     3.747872;     2.884181;     1.623860;   3732011462
9.0000000e+002;     4.855332;     3.729664;     2.884413;     1.624967;   3732011463
1.0000000e+003;     4.855388;     3.711201;     2.884647;     1.625962;   3732011464
2.0000000e+003;     4.857719;     3.527271;     2.887922;     1.633379;   3732011465
3.0000000e+003;     4.859305;     3.359724;     2.890337;     1.637972;   3732011466
4.0000000e+003;     4.857705;     3.211644;     2.890597;     1.640435;   3732011466
5.0000000e+003;     4.855562;     3.082238;     2.890392;     1.642136;   3732011467
6.0000000e+003;     4.853542;     2.969132;     2.890086;     1.643459;   3732011468
7.0000000e+003;     4.851146;     2.868979;     2.889464;     1.644385;   3732011469
8.0000000e+003;     4.849538;     2.782030;     2.889233;     1.645370;   3732011470
9.0000000e+003;     4.848977;     2.704696;     2.889577;     1.646561;   3732011471
1.0000000e+004;     4.847991;     2.635711;     2.889598;     1.647472;   3732011472
2.0000000e+004;     4.845701;     2.217502;     2.892907;     1.655437;   3732011472
3.0000000e+004;     4.841275;     2.022883;     2.893714;     1.659545;   3732011473
4.0000000e+004;     4.834147;     1.907665;     2.892515;     1.661429;   3732011474
4.5000000e+004;     4.829777;     1.864341;     2.891369;     1.661801;   3732011475
